eval_index,time,eval_type,cos_sim_mean,cos_sim_std,angle_mean_deg,angle_std_deg,vel_norm_mean,vel_norm_std,curv_mean_k,curv_std_k
0,0.004000000189989805,midpoint,0.9999517202377319,0.0,0.5145052,0.23161763,55.51438903808594,0.0,0.5087141990661621,0.2247430384159088
1,0.00800000037997961,start,0.9999176859855652,0.0,0.66017485,0.32879266,55.45573425292969,0.0,0.6450508832931519,0.3210251033306122
2,0.03600000170990825,midpoint,0.9945333003997803,0.0,5.3763165,2.6993186,55.53356170654297,0.0,5.242143154144287,2.710543155670166
3,0.06400000303983688,start,0.9961124062538147,0.0,4.709107,1.8663024,56.05111312866211,0.0,4.658411502838135,1.9587332010269165
4,0.14000001177191734,midpoint,0.9944718480110168,0.0,5.7557955,1.8202752,56.739418029785156,0.0,5.749024868011475,1.8868159055709839
5,0.2160000205039978,start,0.9942303895950317,0.0,5.6189723,2.5644295,57.58467102050781,0.0,5.713477611541748,2.6407103538513184
6,0.36400002241134644,midpoint,0.9950411915779114,0.0,5.4578075,1.7020577,57.956695556640625,0.0,5.540157794952393,1.7848331928253174
7,0.5120000243186951,start,0.9946717023849487,0.0,5.788479,1.2494168,58.2884635925293,0.0,5.886145114898682,1.2885080575942993
8,0.7560000121593475,midpoint,0.9928252696990967,0.0,6.790285,1.0460731,57.68873596191406,0.0,6.89902400970459,1.0800265073776245
