{
    "timesteps": [
        0.025,
        0.05,
        0.07500000000000001,
        0.1,
        0.125,
        0.15000000000000002,
        0.17500000000000002,
        0.2,
        0.225,
        0.25,
        0.275,
        0.30000000000000004,
        0.325,
        0.35000000000000003,
        0.375,
        0.4,
        0.42500000000000004,
        0.45,
        0.47500000000000003,
        0.5,
        0.525,
        0.55,
        0.5750000000000001,
        0.6000000000000001,
        0.625,
        0.65,
        0.675,
        0.7000000000000001,
        0.7250000000000001,
        0.75,
        0.775,
        0.8,
        0.8250000000000001,
        0.8500000000000001,
        0.875,
        0.9,
        0.925,
        0.9500000000000001,
        0.9750000000000001
    ],
    "angular_diff_mean": [
        5.120376110076904,
        4.0609002113342285,
        3.0879533290863037,
        2.4976158142089844,
        2.1203582286834717,
        1.8338195085525513,
        1.6497586965560913,
        1.538036823272705,
        1.4325469732284546,
        1.3417375087738037,
        1.2872059345245361,
        1.245580792427063,
        1.1516193151474,
        1.0512374639511108,
        0.9685254096984863,
        0.9199057817459106,
        0.8884196281433105,
        0.8593878149986267,
        0.8322903513908386,
        0.8185278177261353,
        0.8131005764007568,
        0.8088969588279724,
        0.8057458996772766,
        0.8068559169769287,
        0.821401834487915,
        0.855518102645874,
        0.8884927034378052,
        0.9468194246292114,
        1.021523356437683,
        1.0918340682983398,
        1.1861000061035156,
        1.3077857494354248,
        1.4630061388015747,
        1.720123291015625,
        2.1223363876342773,
        2.7656748294830322,
        3.765411615371704,
        6.094941139221191,
        15.243191719055176
    ],
    "angular_diff_std": [
        2.6563916206359863,
        1.6595689058303833,
        1.1826996803283691,
        1.0584467649459839,
        0.9859534502029419,
        0.8627045154571533,
        0.738336443901062,
        0.6649162769317627,
        0.6143098473548889,
        0.579721987247467,
        0.6260765194892883,
        0.7211582064628601,
        0.6307504177093506,
        0.45586448907852173,
        0.2954823970794678,
        0.25929495692253113,
        0.2637728154659271,
        0.26255813241004944,
        0.25196436047554016,
        0.24550524353981018,
        0.24353331327438354,
        0.22733885049819946,
        0.19788511097431183,
        0.1782398521900177,
        0.17696800827980042,
        0.18595828115940094,
        0.19797909259796143,
        0.21814191341400146,
        0.23708437383174896,
        0.24403737485408783,
        0.25467658042907715,
        0.28073742985725403,
        0.3166029453277588,
        0.3803749680519104,
        0.48089084029197693,
        0.6229851245880127,
        0.7487109899520874,
        1.1541985273361206,
        3.483614683151245
    ],
    "cosine_sim_mean": [
        0.9950069785118103,
        0.9970972537994385,
        0.998348593711853,
        0.9988902807235718,
        0.9991766214370728,
        0.9993816614151001,
        0.9995076656341553,
        0.9995766878128052,
        0.9996336102485657,
        0.999677836894989,
        0.9996917247772217,
        0.9996894598007202,
        0.9997411966323853,
        0.9998019933700562,
        0.9998446702957153,
        0.9998615384101868,
        0.9998698234558105,
        0.9998776912689209,
        0.9998854398727417,
        0.9998893737792969,
        0.9998908042907715,
        0.9998929500579834,
        0.9998955726623535,
        0.9998962879180908,
        0.9998927712440491,
        0.9998835921287537,
        0.9998741745948792,
        0.99985671043396,
        0.9998330473899841,
        0.9998099207878113,
        0.9997764825820923,
        0.999728262424469,
        0.9996597170829773,
        0.9995287656784058,
        0.9992810487747192,
        0.9987798929214478,
        0.9977613687515259,
        0.994158148765564,
        0.963149905204773
    ],
    "velocity_norm_mean": [
        55.504638671875,
        55.950965881347656,
        56.51456832885742,
        57.03068542480469,
        57.48735427856445,
        57.87494659423828,
        58.19586944580078,
        58.468040466308594,
        58.70571517944336,
        58.91482162475586,
        59.0927734375,
        59.2464599609375,
        59.38833999633789,
        59.50663757324219,
        59.590370178222656,
        59.65425109863281,
        59.69511795043945,
        59.721065521240234,
        59.732887268066406,
        59.73273849487305,
        59.719722747802734,
        59.692108154296875,
        59.66191482543945,
        59.61824035644531,
        59.56830596923828,
        59.509033203125,
        59.43777084350586,
        59.35186767578125,
        59.247657775878906,
        59.13199996948242,
        58.970062255859375,
        58.78590774536133,
        58.56148910522461,
        58.26618957519531,
        57.86939239501953,
        57.31253433227539,
        56.48338317871094,
        55.09449005126953,
        52.364723205566406
    ]
}