{
    "fid": 31.86990787232145,
    "inception_score_mean": 8.310375373818614,
    "inception_score_std": 0.5174160119620805,
    "num_samples": 1024,
    "num_steps": 10,
    "checkpoint": "unet_cifar10_meanflow_100k_ema.pt"
}