{
    "N": [
        1,
        10,
        20,
        30,
        40,
        50,
        60,
        70,
        80,
        90,
        100
    ],
    "uniform_fid": [
        353.5229797363281,
        13.67643928527832,
        8.02450942993164,
        6.4665093421936035,
        5.715975284576416,
        5.283632755279541,
        4.986006259918213,
        4.779623031616211,
        4.62074089050293,
        4.50221586227417,
        4.408670425415039
    ],
    "non_uniform_fid": [
        353.5229797363281,
        15.065946578979492,
        8.342896461486816,
        6.501352310180664,
        5.667243003845215,
        5.201372146606445,
        4.903557300567627,
        4.69106912612915,
        4.539989948272705,
        4.420398235321045,
        4.322847843170166
    ]
}