eval_index,time,eval_type,cos_sim_mean,cos_sim_std,angle_mean_deg,angle_std_deg,vel_norm_mean,vel_norm_std,curv_mean_k,curv_std_k
0,0.10000000149011612,midpoint,0.9798028469085693,0.0023409652058035135,10.897532,3.8212163,55.86686325073242,0.2000472992658615,10.623775482177734,3.791292428970337
1,0.20000000298023224,start,0.9870436191558838,0.0010970354778692126,8.706867,3.093778,57.3361930847168,0.39354416728019714,8.791536331176758,3.348841428756714
2,0.30000000447034836,midpoint,0.9967737197875977,0.0002826634736265987,4.3114433,1.6191145,57.6842155456543,0.4113798439502716,4.3592119216918945,1.6538666486740112
3,0.4000000059604645,start,0.9964705109596252,0.00019025627989321947,4.571972,1.5160383,58.07261276245117,0.4269726574420929,4.639893054962158,1.5247799158096313
4,0.5000000149011612,midpoint,0.998319149017334,0.00012456273543648422,3.2000914,0.8957812,58.064552307128906,0.4352477490901947,3.241163969039917,0.8841816186904907
5,0.6000000238418579,start,0.9977642297744751,0.00023746263468638062,3.7007604,0.99729526,57.98445510864258,0.43875250220298767,3.743255376815796,0.9802991151809692
6,0.7000000178813934,midpoint,0.9982441663742065,0.00015000718121882528,3.3265116,0.6841368,57.709102630615234,0.4463532269001007,3.364379405975342,0.6604229211807251
7,0.800000011920929,start,0.9963679313659668,0.00028334930539131165,4.774688,1.0344272,57.09663009643555,0.47310134768486023,4.806454181671143,0.9728697538375854
8,0.9000000059604645,midpoint,0.9933316707611084,0.0005190197844058275,6.507469,1.2227111,55.80672073364258,0.5345645546913147,6.511170387268066,1.107083797454834
