{
    "fid": 3.613464322971538,
    "inception_score_mean": 9.83341863832619,
    "inception_score_std": 0.1929102877110101,
    "num_samples": 1024,
    "num_steps": 10,
    "checkpoint": "unet_cifar10_meanflow_100k_ema.pt"
}