{
    "timesteps": [
        0.012660294771194458,
        0.025658369064331055,
        0.0390227735042572,
        0.052786409854888916,
        0.0669873058795929,
        0.08166998624801636,
        0.09688711166381836,
        0.1127016544342041,
        0.12919005751609802,
        0.1464466154575348,
        0.16458982229232788,
        0.1837722361087799,
        0.2041960060596466,
        0.22613871097564697,
        0.25,
        0.27639320492744446,
        0.30635082721710205,
        0.34188610315322876,
        0.38819658756256104,
        0.5,
        0.6118033528327942,
        0.6581138968467712,
        0.693649172782898,
        0.7236068248748779,
        0.75,
        0.773861289024353,
        0.7958040237426758,
        0.8162277936935425,
        0.8354102373123169,
        0.8535534143447876,
        0.8708099126815796,
        0.8872983455657959,
        0.9031128883361816,
        0.9183300137519836,
        0.9330127239227295,
        0.9472135901451111,
        0.9609771966934204,
        0.974341630935669,
        0.9873397350311279
    ],
    "angular_diff_mean": [
        2.622791051864624,
        2.755484104156494,
        2.484039306640625,
        2.2037956714630127,
        1.9325544834136963,
        1.7263275384902954,
        1.5849783420562744,
        1.4783945083618164,
        1.3951495885849,
        1.3235034942626953,
        1.2749007940292358,
        1.2739661931991577,
        1.2842543125152588,
        1.3031944036483765,
        1.337491512298584,
        1.4352753162384033,
        1.5813548564910889,
        1.7274861335754395,
        2.710524559020996,
        3.543278694152832,
        2.5900447368621826,
        1.3976141214370728,
        1.2122862339019775,
        1.1357362270355225,
        1.0964720249176025,
        1.0803446769714355,
        1.0893404483795166,
        1.1082911491394043,
        1.1694462299346924,
        1.2471661567687988,
        1.368337631225586,
        1.555673599243164,
        1.778012752532959,
        2.0466065406799316,
        2.487159252166748,
        3.167579174041748,
        4.546871185302734,
        7.715277194976807,
        18.137168884277344
    ],
    "angular_diff_std": [
        1.4584347009658813,
        1.4336274862289429,
        1.1063483953475952,
        0.8861589431762695,
        0.7430387139320374,
        0.6768732666969299,
        0.6682713627815247,
        0.6714136004447937,
        0.6575154066085815,
        0.625562846660614,
        0.5843062996864319,
        0.5645954012870789,
        0.5526846051216125,
        0.5561580657958984,
        0.5724286437034607,
        0.7027925848960876,
        0.8990415334701538,
        0.7921821475028992,
        0.718237042427063,
        0.9885825514793396,
        0.5946218967437744,
        0.30395084619522095,
        0.27684029936790466,
        0.2662288546562195,
        0.2467011958360672,
        0.23035907745361328,
        0.22899866104125977,
        0.23531466722488403,
        0.2529674172401428,
        0.27646180987358093,
        0.30966806411743164,
        0.35871464014053345,
        0.40384677052497864,
        0.4266607165336609,
        0.4651142656803131,
        0.5813736915588379,
        0.9794371724128723,
        1.8759980201721191,
        8.516423225402832
    ],
    "cosine_sim_mean": [
        0.9986491799354553,
        0.9985507130622864,
        0.9988857507705688,
        0.9991483688354492,
        0.9993524551391602,
        0.9994807243347168,
        0.9995536804199219,
        0.9996027946472168,
        0.9996418952941895,
        0.999677300453186,
        0.9997037053108215,
        0.9997073411941528,
        0.9997051954269409,
        0.999697208404541,
        0.999680757522583,
        0.9996157884597778,
        0.9995038509368896,
        0.999455988407135,
        0.9988076686859131,
        0.9979491233825684,
        0.9989280104637146,
        0.9996893405914307,
        0.9997652769088745,
        0.9997934103012085,
        0.9998081922531128,
        0.9998146295547485,
        0.9998117685317993,
        0.9998050332069397,
        0.9997825622558594,
        0.9997521638870239,
        0.9997011423110962,
        0.9996130466461182,
        0.999495267868042,
        0.9993361234664917,
        0.9990271329879761,
        0.9984240531921387,
        0.9967162609100342,
        0.9904496669769287,
        0.9411023855209351
    ],
    "velocity_norm_mean": [
        55.4234619140625,
        55.51593017578125,
        55.72703170776367,
        56.016605377197266,
        56.342620849609375,
        56.66650390625,
        56.981117248535156,
        57.283843994140625,
        57.574424743652344,
        57.84307861328125,
        58.09069061279297,
        58.315643310546875,
        58.53129196166992,
        58.73693084716797,
        58.9375,
        59.12286376953125,
        59.309024810791016,
        59.49087142944336,
        59.64427947998047,
        59.750789642333984,
        59.61214828491211,
        59.50953674316406,
        59.39258575439453,
        59.28040313720703,
        59.15650177001953,
        58.998130798339844,
        58.844970703125,
        58.676185607910156,
        58.47178649902344,
        58.232933044433594,
        57.96422576904297,
        57.64537048339844,
        57.24266815185547,
        56.753692626953125,
        56.13527297973633,
        55.316104888916016,
        54.16089630126953,
        52.46327209472656,
        49.26222229003906
    ]
}