{
    "gamma": [
        0.3,
        0.4,
        0.5,
        0.6,
        0.7
    ],
    "fid": [
        6.251189936714013,
        5.240857056617074,
        4.943895510263758
    ]
}