eval_index,time,eval_type,cos_sim_mean,cos_sim_std,angle_mean_deg,angle_std_deg,vel_norm_mean,vel_norm_std,curv_mean_k,curv_std_k
0,0.004000000189989805,midpoint,0.9999586343765259,3.254144303355133e-06,0.48767626,0.18516971,55.65583801269531,0.08600374311208725,0.48135313391685486,0.17797230184078217
1,0.00800000037997961,start,0.9999297261238098,5.401679572969442e-06,0.6250725,0.26666978,55.601348876953125,0.08595205098390579,0.6099470853805542,0.2572949528694153
2,0.03600000170990825,midpoint,0.9950206279754639,0.0003448758216109127,5.2184196,2.3525088,55.665931701660156,0.07976432144641876,5.078421592712402,2.3094096183776855
3,0.06400000303983688,start,0.9959760904312134,0.00022713268117513508,4.759138,1.9535563,56.18998336791992,0.07784011214971542,4.707812309265137,2.041855573654175
4,0.14000001177191734,midpoint,0.9933890700340271,0.0005379623617045581,6.1825867,2.2975738,56.99644088745117,0.12313979119062424,6.201931476593018,2.4104151725769043
5,0.2160000205039978,start,0.9943416118621826,0.000593257718719542,5.6398234,2.3289168,57.996009826660156,0.2022353857755661,5.795365333557129,2.5018818378448486
6,0.36400002241134644,midpoint,0.9954919815063477,0.0004193431814201176,5.169224,1.7086463,58.3286247253418,0.2358253449201584,5.277645111083984,1.7704598903656006
7,0.5120000243186951,start,0.9946696162223816,0.0004971429007127881,5.703559,1.5863961,58.587242126464844,0.27334776520729065,5.822605133056641,1.5994447469711304
8,0.7560000121593475,midpoint,0.9930336475372314,0.0002655703283380717,6.6394324,1.3129287,57.970947265625,0.3466351330280304,6.769455432891846,1.2807741165161133
