{
    "fid": 6.406668652976975,
    "inception_score_mean": 9.18987191739889,
    "inception_score_std": 0.09575543417146831,
    "num_samples": 50048,
    "num_steps": 1,
    "checkpoint": "unet_cifar10_meanflow_100k_ema.pt"
}