{
    "N": [
        1,
        10,
        20,
        30,
        40,
        50,
        60,
        70,
        80,
        90,
        100
    ],
    "uniform_fid": [
        6.351202572818579,
        3.588387233000958,
        3.8773960047209926,
        3.9784923680447264,
        4.027589526311772,
        4.060254796983656,
        4.079156457825945,
        4.091941650262925
    ],
    "non_uniform_fid": [
        6.351202572818579,
        3.4596665284480537,
        3.686344035696095,
        3.8009051618979015,
        3.8660427786165883,
        3.9129502244308583,
        3.947520716606846,
        3.9735561754462196
    ]
}