eval_index,time,eval_type,cos_sim_mean,cos_sim_std,angle_mean_deg,angle_std_deg,vel_norm_mean,vel_norm_std
0,0.5,midpoint,0.9930068254470825,0.0005835811607539654,6.654975,1.299668,54.63212203979492,0.13506968319416046
